{
    "validaciones_registro":{
        "username":{
            "required": "هذه الخانة مطلوبه",
            "minlength": "يجب أن يتكون اسم المستخدم من 6 أحرف على الأقل",
            "maxlength": "يجب ألا يزيد اسم المستخدم عن 20 حرفًا",
            "usuario_existente": "المستخدم موجود بالفعل ، يرجى إدخال مستخدم جديد"
        },
        "pass":{
            "required": "هذه الخانة مطلوبه",
            "minlength": "يجب ألا يقل اسم المستخدم عن 8 أحرف",
            "maxlength": "يجب ألا يزيد اسم المستخدم عن 20 حرفًا"
        },
        "pass_repeat":{
            "required": "هذه الخانة مطلوبه",
            "equalTo": "يجب أن تكون هي نفسها"        },
        "nombres":{
            "required": "هذه الخانة مطلوبه",
            "minlength": "يجب أن يكون الحد الأدنى حرفين",
            "letras": "هذا الحقل يسمح فقط بالحروف"
        },
        "dni":{
            "required": "أدخل المعرف",
            "digits": "أرقام فقط",
            "no_valido":"معرف غير صحيح"
        },
        "email":{
            "required": "أدخل بريدك الإلكتروني",
            "email":"لا يوجد تنسيق بريد إلكتروني"
        },
        "telefono":{
            "min":"7 أرقام كحد أدنى"
        },
        "terms":"قبول الشروط من فضلك",
        "mensaje_registro":{
            "exito":"سجلت بنجاح",
            "falla":"كان هناك تعارض في التسجيل"
        }
    },
    "mi_perfil":{
        "departamento_p":"اختر منطقة",
        "provincia":"اختر مقاطعة أو ولاية",
        "ciudad":"اختر مدينة",
        "noResults":"لا نتائج",
        "searching":"يبحث..."
    },
    "borrar_direccion":{
        "title":"هل أنت واثق؟",
        "text":"سيتم حذف هذا العنوان ، لا يوجد عكس.",
        "confirmButtonText":"موافق",
        "cancelButtonText":"يلغي",
        "deleted":"تم حذف العنوان",
        "no":"تم إلغاء الإجراء",
        "error":"لم يتم حذف الخطأ"
    }
}